16/02/2022 09:00,Armagh,Matthew Krapp,"Regular Flavoured hot chocolate - Hazelnut - 2.60, Large Frappes - Strawberries & Cream - 3.25, Large Chai latte - 2.60",8.45,CARD,2758758136869690
16/02/2022 09:02,Armagh,Sam Walker,Regular Flavoured hot chocolate - Hazelnut - 2.60,2.6,CARD,2380823153660842
16/02/2022 09:04,Armagh,John Cohen,Regular Speciality Tea - Darjeeling - 1.30,1.3,CARD,9708032018890889
16/02/2022 09:06,Armagh,Karen Aveado,"Large Frappes - Coffee - 3.25, Regular Speciality Tea - Darjeeling - 1.30",4.55,CASH,
16/02/2022 09:08,Armagh,Mohammed Dinh,"Regular Frappes - Strawberries & Cream - 2.75, Large Flavoured iced latte - Caramel - 3.25",6.0,CASH,
16/02/2022 09:10,Armagh,Daniel Perry,"Regular Flavoured iced latte - Caramel - 2.75, Large Chai latte - 2.60, Regular Chai latte - 2.30",7.65,CARD,3153330862202889
16/02/2022 09:12,Armagh,Sam Mccarthy,"Regular Speciality Tea - Green - 1.30, Large Flavoured hot chocolate - Hazelnut - 2.90",4.2,CARD,6009426375727206
16/02/2022 09:14,Armagh,Susan Gross,"Large Speciality Tea - Darjeeling - 1.60, Regular Chai latte - 2.30, Regular Speciality Tea - Green - 1.30",5.2,CASH,
16/02/2022 09:16,Armagh,William White,Regular Flavoured hot chocolate - Hazelnut - 2.60,2.6,CARD,4837585074097499
16/02/2022 09:18,Armagh,Janet Conley,"Regular Speciality Tea - Darjeeling - 1.30, Large Speciality Tea - Green - 1.60, Regular Flavoured iced latte - Caramel - 2.75, Large Frappes - Coffee - 3.25",8.9,CARD,1827246564382229
16/02/2022 09:20,Armagh,Charles Roberts,"Large Frappes - Strawberries & Cream - 3.25, Large Frappes - Strawberries & Cream - 3.25, Large Chai latte - 2.60, Large Frappes - Coffee - 3.25, Regular Flavoured hot chocolate - Hazelnut - 2.60",14.95,CARD,5470384671058992
16/02/2022 09:22,Armagh,Tracy Wilburn,Large Flavoured hot chocolate - Hazelnut - 2.90,2.9,CARD,7080637808261145
16/02/2022 09:24,Armagh,Geneva Richards,Large Chai latte - 2.60,2.6,CARD,9885004115130382
16/02/2022 09:26,Armagh,Lewis Mckinney,"Large Chai latte - 2.60, Large Speciality Tea - Darjeeling - 1.60, Large Flavoured iced latte - Caramel - 3.25",7.45,CARD,9757014421117040
16/02/2022 09:28,Armagh,Rita Ford,"Large Flavoured iced latte - Caramel - 3.25, Regular Frappes - Strawberries & Cream - 2.75",6.0,CARD,9483659745765146
16/02/2022 09:31,Armagh,Joann Gardner,Large Frappes - Strawberries & Cream - 3.25,3.25,CARD,9564507449218887
16/02/2022 09:33,Armagh,Chadwick Welle,"Regular Frappes - Strawberries & Cream - 2.75, Large Chai latte - 2.60, Regular Frappes - Strawberries & Cream - 2.75, Large Flavoured iced latte - Caramel - 3.25, Regular Speciality Tea - Green - 1.30, Large Frappes - Strawberries & Cream - 3.25",15.9,CARD,7779564526065379
16/02/2022 09:35,Armagh,Wilbur Parsley,"Regular Flavoured iced latte - Caramel - 2.75, Regular Speciality Tea - Darjeeling - 1.30, Large Speciality Tea - Green - 1.60, Regular Speciality Tea - Darjeeling - 1.30",6.95,CASH,
16/02/2022 09:37,Armagh,Danae England,"Regular Frappes - Coffee - 2.75, Regular Chai latte - 2.30, Large Chai latte - 2.60",7.65,CARD,6057807979287350
16/02/2022 09:39,Armagh,James Taylor,"Large Flavoured iced latte - Caramel - 3.25, Regular Frappes - Coffee - 2.75, Large Flavoured iced latte - Caramel - 3.25, Regular Speciality Tea - Green - 1.30, Large Frappes - Strawberries & Cream - 3.25",13.8,CARD,7324202463674288
16/02/2022 09:41,Armagh,Kevin Hammers,"Regular Speciality Tea - Darjeeling - 1.30, Large Flavoured iced latte - Caramel - 3.25, Large Chai latte - 2.60, Large Flavoured hot chocolate - Hazelnut - 2.90, Large Flavoured hot chocolate - Hazelnut - 2.90, Large Flavoured hot chocolate - Hazelnut - 2.90",15.85,CARD,8920982341951337
16/02/2022 09:43,Armagh,Kelley Collins,"Regular Frappes - Strawberries & Cream - 2.75, Regular Flavoured hot chocolate - Hazelnut - 2.60, Large Frappes - Strawberries & Cream - 3.25, Large Flavoured iced latte - Caramel - 3.25",11.85,CARD,2232969538623308
16/02/2022 09:45,Armagh,Pam Rodriguez,"Regular Frappes - Coffee - 2.75, Large Speciality Tea - Darjeeling - 1.60",4.35,CARD,2845326808349310
16/02/2022 09:47,Armagh,William Ramirez,Large Flavoured hot chocolate - Hazelnut - 2.90,2.9,CARD,1089789722926405
16/02/2022 09:49,Armagh,Britney Nieves,Large Chai latte - 2.60,2.6,CARD,9508355763621803
16/02/2022 09:51,Armagh,Cassandra Stilwell,Large Flavoured iced latte - Caramel - 3.25,3.25,CARD,9686318556129865
16/02/2022 09:53,Armagh,Richard Wilhelm,"Regular Frappes - Coffee - 2.75, Regular Flavoured iced latte - Caramel - 2.75",5.5,CARD,6612339897950466
16/02/2022 09:55,Armagh,Mary Reiher,"Large Speciality Tea - Green - 1.60, Regular Chai latte - 2.30, Regular Frappes - Strawberries & Cream - 2.75",6.65,CASH,
16/02/2022 09:57,Armagh,Walter Bensman,"Large Flavoured hot chocolate - Hazelnut - 2.90, Large Speciality Tea - Green - 1.60",4.5,CARD,7069576235858829
16/02/2022 09:59,Armagh,John Campanile,Large Frappes - Coffee - 3.25,3.25,CASH,
16/02/2022 10:02,Armagh,Brad Howard,"Large Flavoured iced latte - Caramel - 3.25, Regular Frappes - Strawberries & Cream - 2.75, Regular Frappes - Strawberries & Cream - 2.75, Large Speciality Tea - Darjeeling - 1.60",10.35,CARD,5447829378008845
16/02/2022 10:03,Armagh,Elizabeth Repine,"Large Flavoured hot chocolate - Hazelnut - 2.90, Regular Frappes - Strawberries & Cream - 2.75, Regular Chai latte - 2.30",7.95,CARD,8571374657647976
16/02/2022 10:05,Armagh,Jason Andrews,Regular Flavoured iced latte - Caramel - 2.75,2.75,CARD,7669649788338185
16/02/2022 10:07,Armagh,Juanita Druck,"Large Speciality Tea - Darjeeling - 1.60, Large Flavoured iced latte - Caramel - 3.25, Regular Frappes - Coffee - 2.75",7.6,CASH,
16/02/2022 10:08,Armagh,Zachariah Hanson,Large Speciality Tea - Green - 1.60,1.6,CARD,6974107903904695
16/02/2022 10:10,Armagh,Kimberly Shinabery,"Regular Speciality Tea - Green - 1.30, Regular Frappes - Coffee - 2.75, Regular Frappes - Strawberries & Cream - 2.75",6.8,CARD,2558948983513685
16/02/2022 10:12,Armagh,Mary Kingsbury,"Regular Speciality Tea - Darjeeling - 1.30, Regular Flavoured iced latte - Caramel - 2.75, Large Flavoured iced latte - Caramel - 3.25",7.3,CASH,
16/02/2022 10:13,Armagh,Edna Ford,"Regular Flavoured hot chocolate - Hazelnut - 2.60, Regular Speciality Tea - Green - 1.30, Large Flavoured iced latte - Caramel - 3.25",7.15,CARD,9657556386207491
16/02/2022 10:15,Armagh,Vanessa Weaver,"Regular Flavoured iced latte - Caramel - 2.75, Large Chai latte - 2.60, Large Flavoured hot chocolate - Hazelnut - 2.90, Large Frappes - Coffee - 3.25, Regular Flavoured hot chocolate - Hazelnut - 2.60",14.1,CASH,
16/02/2022 10:17,Armagh,Daniel Bradford,"Regular Frappes - Coffee - 2.75, Regular Chai latte - 2.30, Regular Flavoured iced latte - Caramel - 2.75, Regular Flavoured hot chocolate - Hazelnut - 2.60, Regular Flavoured hot chocolate - Hazelnut - 2.60",13.0,CARD,5616742885486279
16/02/2022 10:18,Armagh,Sandra Johnson,"Large Speciality Tea - Green - 1.60, Regular Frappes - Strawberries & Cream - 2.75, Regular Chai latte - 2.30, Regular Flavoured hot chocolate - Hazelnut - 2.60, Regular Chai latte - 2.30, Large Frappes - Coffee - 3.25",14.8,CARD,5968184869342010
16/02/2022 10:20,Armagh,Erin Price,"Large Frappes - Coffee - 3.25, Large Flavoured hot chocolate - Hazelnut - 2.90, Large Speciality Tea - Darjeeling - 1.60",7.75,CASH,
16/02/2022 10:22,Armagh,Keith Essary,Large Flavoured iced latte - Caramel - 3.25,3.25,CASH,
16/02/2022 10:23,Armagh,Donna Gore,"Regular Speciality Tea - Green - 1.30, Large Frappes - Strawberries & Cream - 3.25, Large Frappes - Coffee - 3.25, Large Frappes - Coffee - 3.25",11.05,CARD,9958322936894546
16/02/2022 10:25,Armagh,Phillip Mathis,Large Flavoured hot chocolate - Hazelnut - 2.90,2.9,CASH,
16/02/2022 10:27,Armagh,Ophelia Arney,"Regular Flavoured iced latte - Caramel - 2.75, Regular Speciality Tea - Green - 1.30, Regular Frappes - Coffee - 2.75, Large Chai latte - 2.60",9.4,CARD,7304888775600225
16/02/2022 10:28,Armagh,Connie Drew,"Regular Flavoured iced latte - Caramel - 2.75, Large Chai latte - 2.60",5.35,CARD,4063778151918629
16/02/2022 10:30,Armagh,Edward Baker,"Regular Frappes - Coffee - 2.75, Large Flavoured iced latte - Caramel - 3.25, Regular Chai latte - 2.30, Regular Flavoured iced latte - Caramel - 2.75",11.05,CASH,
16/02/2022 10:32,Armagh,Betty Thrift,"Regular Chai latte - 2.30, Large Speciality Tea - Darjeeling - 1.60, Large Flavoured hot chocolate - Hazelnut - 2.90, Regular Flavoured iced latte - Caramel - 2.75",9.55,CARD,9701217737548754
16/02/2022 10:33,Armagh,Katherine Lockard,"Regular Flavoured hot chocolate - Hazelnut - 2.60, Large Frappes - Strawberries & Cream - 3.25, Large Frappes - Coffee - 3.25, Large Chai latte - 2.60, Large Frappes - Strawberries & Cream - 3.25",14.95,CASH,
16/02/2022 10:35,Armagh,Wanda Combs,Large Speciality Tea - Darjeeling - 1.60,1.6,CASH,
16/02/2022 10:37,Armagh,Madeline Pressley,Large Chai latte - 2.60,2.6,CARD,2784143080705618
16/02/2022 10:38,Armagh,Lina Hoyt,"Large Frappes - Coffee - 3.25, Large Frappes - Coffee - 3.25",6.5,CARD,4348159988567213
16/02/2022 10:40,Armagh,Tory Leone,"Regular Chai latte - 2.30, Large Speciality Tea - Green - 1.60, Large Flavoured hot chocolate - Hazelnut - 2.90",6.8,CARD,9975502498948685
16/02/2022 10:42,Armagh,Sharon Esteban,"Large Frappes - Strawberries & Cream - 3.25, Large Frappes - Strawberries & Cream - 3.25, Regular Chai latte - 2.30",8.8,CASH,
16/02/2022 10:43,Armagh,Peggy Torres,"Regular Speciality Tea - Darjeeling - 1.30, Regular Frappes - Coffee - 2.75, Regular Chai latte - 2.30, Large Chai latte - 2.60, Regular Flavoured hot chocolate - Hazelnut - 2.60",11.55,CASH,
16/02/2022 10:45,Armagh,Peter Strain,Regular Frappes - Strawberries & Cream - 2.75,2.75,CARD,5103083352112842
16/02/2022 10:47,Armagh,Peter Weinberger,Large Flavoured hot chocolate - Hazelnut - 2.90,2.9,CARD,9113465711313656
16/02/2022 10:48,Armagh,Martin Reyes,Large Chai latte - 2.60,2.6,CASH,
16/02/2022 10:50,Armagh,Thomas Grimmett,"Large Frappes - Coffee - 3.25, Regular Frappes - Strawberries & Cream - 2.75",6.0,CARD,1390126860252241
16/02/2022 10:52,Armagh,Brittney Edwards,"Large Frappes - Strawberries & Cream - 3.25, Regular Flavoured iced latte - Caramel - 2.75, Regular Chai latte - 2.30, Regular Speciality Tea - Green - 1.30, Large Flavoured iced latte - Caramel - 3.25, Regular Frappes - Coffee - 2.75",15.6,CARD,4636900710120543
16/02/2022 10:53,Armagh,Megan Evans,"Regular Frappes - Strawberries & Cream - 2.75, Regular Chai latte - 2.30, Regular Speciality Tea - Darjeeling - 1.30, Regular Frappes - Strawberries & Cream - 2.75, Large Speciality Tea - Darjeeling - 1.60",10.7,CARD,2949981412569771
16/02/2022 10:55,Armagh,Matthew Dirden,"Large Frappes - Coffee - 3.25, Regular Frappes - Strawberries & Cream - 2.75, Regular Speciality Tea - Green - 1.30, Regular Flavoured iced latte - Caramel - 2.75, Large Frappes - Coffee - 3.25",13.3,CARD,3909652499174367
16/02/2022 10:57,Armagh,Andrew Miller,Regular Chai latte - 2.30,2.3,CARD,9695587520096927
16/02/2022 10:58,Armagh,Erin Close,"Large Flavoured hot chocolate - Hazelnut - 2.90, Regular Frappes - Strawberries & Cream - 2.75, Large Flavoured iced latte - Caramel - 3.25",8.9,CARD,2178136611369507
16/02/2022 11:00,Armagh,Kathy Toto,Large Speciality Tea - Green - 1.60,1.6,CARD,3455365936679090
16/02/2022 11:10,Armagh,Rachel Garcia,"Large Speciality Tea - Darjeeling - 1.60, Regular Frappes - Strawberries & Cream - 2.75",4.35,CASH,
16/02/2022 11:20,Armagh,Deborah Barber,"Regular Speciality Tea - Darjeeling - 1.30, Regular Chai latte - 2.30, Regular Speciality Tea - Darjeeling - 1.30",4.9,CASH,
16/02/2022 11:30,Armagh,Donald Vega,Large Frappes - Strawberries & Cream - 3.25,3.25,CASH,
16/02/2022 11:40,Armagh,Demetrius Mosher,"Large Flavoured hot chocolate - Hazelnut - 2.90, Regular Flavoured iced latte - Caramel - 2.75",5.65,CASH,
16/02/2022 11:50,Armagh,Danny Mumaw,"Regular Flavoured iced latte - Caramel - 2.75, Large Speciality Tea - Darjeeling - 1.60, Regular Speciality Tea - Darjeeling - 1.30",5.65,CARD,5894519470444555
16/02/2022 12:00,Armagh,John Lustig,Large Frappes - Coffee - 3.25,3.25,CARD,6576294508956062
16/02/2022 12:05,Armagh,Donna Sorrentino,"Large Frappes - Strawberries & Cream - 3.25, Large Speciality Tea - Darjeeling - 1.60, Large Speciality Tea - Green - 1.60, Large Frappes - Strawberries & Cream - 3.25",9.7,CARD,7147181791109323
16/02/2022 12:11,Armagh,Teresa Carver,"Regular Frappes - Strawberries & Cream - 2.75, Large Frappes - Strawberries & Cream - 3.25, Regular Speciality Tea - Darjeeling - 1.30, Large Flavoured hot chocolate - Hazelnut - 2.90, Regular Speciality Tea - Darjeeling - 1.30",11.5,CASH,
16/02/2022 12:16,Armagh,Verna Obryant,Regular Speciality Tea - Darjeeling - 1.30,1.3,CARD,8411290944886005
16/02/2022 12:22,Armagh,Rosemary Bell,"Large Flavoured iced latte - Caramel - 3.25, Regular Speciality Tea - Darjeeling - 1.30",4.55,CARD,8353614065625250
16/02/2022 12:27,Armagh,Wanda Brock,Large Chai latte - 2.60,2.6,CARD,9798732181036135
16/02/2022 12:33,Armagh,Ernest Pimentel,"Regular Frappes - Strawberries & Cream - 2.75, Large Frappes - Strawberries & Cream - 3.25, Large Frappes - Coffee - 3.25",9.25,CARD,1590983907838922
16/02/2022 12:38,Armagh,Joshua Rye,Regular Chai latte - 2.30,2.3,CARD,1245037344120994
16/02/2022 12:43,Armagh,Michael Rigsby,"Regular Flavoured iced latte - Caramel - 2.75, Large Chai latte - 2.60, Large Frappes - Strawberries & Cream - 3.25, Large Flavoured hot chocolate - Hazelnut - 2.90",11.5,CARD,1779194967124271
16/02/2022 12:49,Armagh,Clarence Hayes,"Large Flavoured iced latte - Caramel - 3.25, Regular Speciality Tea - Darjeeling - 1.30, Regular Frappes - Strawberries & Cream - 2.75",7.3,CARD,4981354465728317
16/02/2022 12:54,Armagh,Suzette Wolfe,Regular Chai latte - 2.30,2.3,CARD,6788057925328168
16/02/2022 13:00,Armagh,Jeanine Gajewski,Regular Frappes - Coffee - 2.75,2.75,CARD,1274125206437445
16/02/2022 13:01,Armagh,Lillie Kramer,"Large Flavoured hot chocolate - Hazelnut - 2.90, Large Frappes - Coffee - 3.25",6.15,CASH,
16/02/2022 13:01,Armagh,Lois Ackies,"Large Flavoured hot chocolate - Hazelnut - 2.90, Regular Speciality Tea - Green - 1.30",4.2,CARD,8490405853955116
16/02/2022 13:02,Armagh,Karen Poole,Regular Flavoured iced latte - Caramel - 2.75,2.75,CASH,
16/02/2022 13:03,Armagh,James Dillard,"Large Flavoured iced latte - Caramel - 3.25, Regular Frappes - Coffee - 2.75, Regular Flavoured iced latte - Caramel - 2.75",8.75,CARD,5021300740167766
16/02/2022 13:04,Armagh,Craig Vuong,Large Frappes - Strawberries & Cream - 3.25,3.25,CASH,
16/02/2022 13:05,Armagh,Justin Ramsey,Regular Frappes - Coffee - 2.75,2.75,CASH,
16/02/2022 13:05,Armagh,Jason Sasahara,"Regular Speciality Tea - Green - 1.30, Regular Chai latte - 2.30, Large Frappes - Coffee - 3.25, Regular Chai latte - 2.30",9.15,CARD,8227501693142420
16/02/2022 13:06,Armagh,Marie Salgado,"Large Flavoured hot chocolate - Hazelnut - 2.90, Large Speciality Tea - Darjeeling - 1.60, Regular Frappes - Strawberries & Cream - 2.75, Regular Flavoured hot chocolate - Hazelnut - 2.60, Regular Speciality Tea - Green - 1.30",11.15,CARD,6178120109134545
16/02/2022 13:07,Armagh,Keneth Johnson,"Large Flavoured hot chocolate - Hazelnut - 2.90, Large Frappes - Strawberries & Cream - 3.25, Regular Speciality Tea - Green - 1.30",7.45,CARD,7507057106500156
16/02/2022 13:08,Armagh,Carolyn Cieslinski,"Regular Chai latte - 2.30, Regular Frappes - Coffee - 2.75, Regular Chai latte - 2.30, Regular Frappes - Strawberries & Cream - 2.75, Regular Frappes - Coffee - 2.75, Large Speciality Tea - Darjeeling - 1.60",14.45,CASH,
16/02/2022 13:09,Armagh,Heather Baker,"Large Flavoured hot chocolate - Hazelnut - 2.90, Large Chai latte - 2.60, Large Frappes - Coffee - 3.25, Large Speciality Tea - Green - 1.60, Large Flavoured iced latte - Caramel - 3.25",13.6,CASH,
16/02/2022 13:09,Armagh,Raymond Lindsey,"Regular Flavoured hot chocolate - Hazelnut - 2.60, Large Frappes - Coffee - 3.25, Large Chai latte - 2.60, Regular Speciality Tea - Darjeeling - 1.30, Regular Flavoured iced latte - Caramel - 2.75",12.5,CARD,7362806416347781
16/02/2022 13:10,Armagh,Brian Pearson,"Regular Chai latte - 2.30, Large Frappes - Strawberries & Cream - 3.25",5.55,CARD,5734954566853270
16/02/2022 13:11,Armagh,Wesley Douthit,"Regular Flavoured iced latte - Caramel - 2.75, Regular Speciality Tea - Darjeeling - 1.30",4.05,CARD,3069654717230431
16/02/2022 13:12,Armagh,Cecil Mccombs,"Large Speciality Tea - Darjeeling - 1.60, Regular Flavoured iced latte - Caramel - 2.75",4.35,CARD,6484901053609491
16/02/2022 13:13,Armagh,Linda Houle,Regular Speciality Tea - Green - 1.30,1.3,CASH,
16/02/2022 13:13,Armagh,Angela Coster,Regular Frappes - Strawberries & Cream - 2.75,2.75,CASH,
16/02/2022 13:14,Armagh,Michael Fisher,Large Flavoured hot chocolate - Hazelnut - 2.90,2.9,CASH,
16/02/2022 13:15,Armagh,Sharon Kats,"Large Flavoured iced latte - Caramel - 3.25, Regular Flavoured iced latte - Caramel - 2.75, Regular Speciality Tea - Darjeeling - 1.30, Large Flavoured iced latte - Caramel - 3.25",10.55,CASH,
16/02/2022 13:16,Armagh,Mildred Durate,Large Frappes - Coffee - 3.25,3.25,CASH,
16/02/2022 13:17,Armagh,Andrew Espinoza,"Regular Flavoured iced latte - Caramel - 2.75, Regular Flavoured iced latte - Caramel - 2.75, Large Frappes - Coffee - 3.25, Regular Speciality Tea - Green - 1.30",10.05,CARD,3118892261061024
16/02/2022 13:17,Armagh,Rosie Lewis,Regular Frappes - Coffee - 2.75,2.75,CARD,2847527391280611
16/02/2022 13:18,Armagh,David Gault,"Large Frappes - Coffee - 3.25, Regular Frappes - Strawberries & Cream - 2.75",6.0,CARD,9517017190591451
16/02/2022 13:19,Armagh,Jeffrey Fogg,"Regular Frappes - Coffee - 2.75, Regular Speciality Tea - Darjeeling - 1.30, Regular Flavoured hot chocolate - Hazelnut - 2.60, Large Chai latte - 2.60",9.25,CASH,
16/02/2022 13:20,Armagh,Brenda Depew,"Regular Chai latte - 2.30, Large Frappes - Coffee - 3.25, Large Frappes - Strawberries & Cream - 3.25, Regular Speciality Tea - Darjeeling - 1.30, Large Flavoured iced latte - Caramel - 3.25",13.35,CASH,
16/02/2022 13:21,Armagh,David Fleming,"Regular Flavoured hot chocolate - Hazelnut - 2.60, Regular Frappes - Coffee - 2.75, Regular Frappes - Strawberries & Cream - 2.75, Large Frappes - Coffee - 3.25, Large Chai latte - 2.60, Regular Frappes - Strawberries & Cream - 2.75",16.7,CASH,
16/02/2022 13:21,Armagh,Judy Chambers,"Regular Flavoured iced latte - Caramel - 2.75, Large Flavoured iced latte - Caramel - 3.25, Regular Speciality Tea - Green - 1.30",7.3,CARD,5455390889644380
16/02/2022 13:22,Armagh,Jeremy Barjas,"Regular Frappes - Strawberries & Cream - 2.75, Regular Frappes - Strawberries & Cream - 2.75, Large Frappes - Strawberries & Cream - 3.25, Regular Flavoured iced latte - Caramel - 2.75, Large Chai latte - 2.60, Large Flavoured iced latte - Caramel - 3.25",17.35,CARD,1471332860905456
16/02/2022 13:23,Armagh,Jessica Duhamel,"Regular Flavoured hot chocolate - Hazelnut - 2.60, Regular Frappes - Coffee - 2.75, Regular Frappes - Strawberries & Cream - 2.75, Regular Chai latte - 2.30",10.4,CARD,2399993869915775
16/02/2022 13:24,Armagh,Ronald Powers,"Regular Flavoured hot chocolate - Hazelnut - 2.60, Large Frappes - Coffee - 3.25",5.85,CARD,2801637338885579
16/02/2022 13:25,Armagh,Christine Sam,"Large Speciality Tea - Darjeeling - 1.60, Large Frappes - Strawberries & Cream - 3.25, Large Flavoured iced latte - Caramel - 3.25",8.1,CARD,4318428605230261
16/02/2022 13:25,Armagh,Amanda Wiggins,Large Chai latte - 2.60,2.6,CARD,9819799121392454
16/02/2022 13:26,Armagh,Claudia Luthy,Regular Frappes - Coffee - 2.75,2.75,CASH,
16/02/2022 13:27,Armagh,Lisa Littrell,"Large Flavoured iced latte - Caramel - 3.25, Regular Speciality Tea - Darjeeling - 1.30, Regular Flavoured hot chocolate - Hazelnut - 2.60",7.15,CARD,9650313819130146
16/02/2022 13:28,Armagh,Johnnie Lamke,"Regular Frappes - Coffee - 2.75, Regular Frappes - Coffee - 2.75, Large Speciality Tea - Green - 1.60",7.1,CARD,6538547388981893
16/02/2022 13:29,Armagh,Mary White,"Regular Frappes - Coffee - 2.75, Large Speciality Tea - Darjeeling - 1.60",4.35,CARD,5864023542145082
16/02/2022 13:29,Armagh,Clayton Wells,Regular Frappes - Coffee - 2.75,2.75,CASH,
16/02/2022 13:30,Armagh,Delois Baldwin,"Large Speciality Tea - Green - 1.60, Large Speciality Tea - Darjeeling - 1.60",3.2,CASH,
16/02/2022 13:31,Armagh,Kelly Keating,"Regular Frappes - Strawberries & Cream - 2.75, Regular Flavoured hot chocolate - Hazelnut - 2.60, Large Flavoured hot chocolate - Hazelnut - 2.90, Regular Speciality Tea - Green - 1.30",9.55,CARD,7583639643313237
16/02/2022 13:32,Armagh,Vincent Shiver,Large Chai latte - 2.60,2.6,CARD,4540258001277306
16/02/2022 13:33,Armagh,Billy Garcia,"Regular Frappes - Coffee - 2.75, Large Chai latte - 2.60",5.35,CARD,3042414210184433
16/02/2022 13:33,Armagh,Juanita Brown,"Large Speciality Tea - Green - 1.60, Large Flavoured iced latte - Caramel - 3.25",4.85,CARD,3266650812130757
16/02/2022 13:34,Armagh,Glenn Friend,"Regular Frappes - Strawberries & Cream - 2.75, Regular Flavoured hot chocolate - Hazelnut - 2.60, Regular Chai latte - 2.30, Regular Chai latte - 2.30",9.95,CARD,7531718671004140
16/02/2022 13:35,Armagh,Roger Corey,"Large Frappes - Strawberries & Cream - 3.25, Regular Flavoured hot chocolate - Hazelnut - 2.60, Regular Frappes - Coffee - 2.75",8.6,CARD,4466885363593493
16/02/2022 13:36,Armagh,Cheryl Hayslett,"Large Flavoured iced latte - Caramel - 3.25, Large Flavoured hot chocolate - Hazelnut - 2.90",6.15,CARD,7593635582632588
16/02/2022 13:37,Armagh,Diana Ozaeta,"Regular Speciality Tea - Darjeeling - 1.30, Large Flavoured iced latte - Caramel - 3.25",4.55,CARD,7652794862073360
16/02/2022 13:37,Armagh,Kim Owens,"Large Flavoured iced latte - Caramel - 3.25, Regular Frappes - Coffee - 2.75, Regular Frappes - Strawberries & Cream - 2.75",8.75,CARD,1447724043174806
16/02/2022 13:38,Armagh,Norma Hummer,"Regular Frappes - Strawberries & Cream - 2.75, Regular Speciality Tea - Green - 1.30",4.05,CASH,
16/02/2022 13:39,Armagh,Rex Love,Large Chai latte - 2.60,2.6,CASH,
16/02/2022 13:40,Armagh,William Numbers,Large Chai latte - 2.60,2.6,CARD,4158540512432338
16/02/2022 13:41,Armagh,Thomas Borgman,"Regular Flavoured hot chocolate - Hazelnut - 2.60, Large Speciality Tea - Green - 1.60, Regular Frappes - Strawberries & Cream - 2.75",6.95,CASH,
16/02/2022 13:41,Armagh,Randall Manns,"Large Speciality Tea - Darjeeling - 1.60, Regular Frappes - Coffee - 2.75, Regular Speciality Tea - Darjeeling - 1.30, Regular Flavoured hot chocolate - Hazelnut - 2.60",8.25,CARD,5462307979297208
16/02/2022 13:42,Armagh,Theodora Roley,"Large Flavoured iced latte - Caramel - 3.25, Large Speciality Tea - Darjeeling - 1.60",4.85,CARD,4545785984577253
16/02/2022 13:43,Armagh,Rose Massey,"Large Speciality Tea - Darjeeling - 1.60, Regular Chai latte - 2.30, Large Flavoured hot chocolate - Hazelnut - 2.90",6.8,CARD,5562717208327308
16/02/2022 13:44,Armagh,Lupe Howe,"Regular Flavoured iced latte - Caramel - 2.75, Large Flavoured iced latte - Caramel - 3.25",6.0,CARD,3749945401515901
16/02/2022 13:45,Armagh,Marion Bentley,"Large Speciality Tea - Green - 1.60, Large Speciality Tea - Green - 1.60",3.2,CARD,5599347502847233
16/02/2022 13:45,Armagh,Rosaria Gates,Large Flavoured iced latte - Caramel - 3.25,3.25,CARD,6782058034222288
16/02/2022 13:46,Armagh,Frank Shackelford,"Large Flavoured hot chocolate - Hazelnut - 2.90, Large Frappes - Strawberries & Cream - 3.25",6.15,CARD,8516633837546748
16/02/2022 13:47,Armagh,John Ingram,"Regular Chai latte - 2.30, Large Chai latte - 2.60, Regular Frappes - Strawberries & Cream - 2.75, Regular Flavoured hot chocolate - Hazelnut - 2.60",10.25,CARD,6495301809251182
16/02/2022 13:48,Armagh,Natalie Daniels,Regular Frappes - Coffee - 2.75,2.75,CARD,8764677643612879
16/02/2022 13:49,Armagh,Kari Polanski,"Large Flavoured hot chocolate - Hazelnut - 2.90, Large Chai latte - 2.60",5.5,CARD,4951282322882610
16/02/2022 13:49,Armagh,Peter Estevez,Large Frappes - Strawberries & Cream - 3.25,3.25,CARD,3808849811386859
16/02/2022 13:50,Armagh,Lori Giebler,"Large Chai latte - 2.60, Large Speciality Tea - Green - 1.60",4.2,CASH,
16/02/2022 13:51,Armagh,Judith Miller,"Regular Frappes - Strawberries & Cream - 2.75, Large Flavoured iced latte - Caramel - 3.25, Regular Chai latte - 2.30",8.3,CARD,7788831794088887
16/02/2022 13:52,Armagh,Scott Williams,"Regular Flavoured hot chocolate - Hazelnut - 2.60, Large Speciality Tea - Green - 1.60, Regular Frappes - Strawberries & Cream - 2.75, Large Frappes - Strawberries & Cream - 3.25, Large Speciality Tea - Darjeeling - 1.60",11.8,CASH,
16/02/2022 13:53,Armagh,Charles Brown,Large Chai latte - 2.60,2.6,CARD,2031967432765458
16/02/2022 13:53,Armagh,Cynthia Hoff,"Large Flavoured hot chocolate - Hazelnut - 2.90, Large Frappes - Strawberries & Cream - 3.25",6.15,CASH,
16/02/2022 13:54,Armagh,Kirk Perez,"Large Flavoured hot chocolate - Hazelnut - 2.90, Regular Speciality Tea - Darjeeling - 1.30, Large Speciality Tea - Green - 1.60",5.8,CARD,7773006364504726
16/02/2022 13:55,Armagh,Scott Gaarder,"Large Chai latte - 2.60, Regular Speciality Tea - Green - 1.30, Regular Chai latte - 2.30, Regular Frappes - Coffee - 2.75, Regular Frappes - Strawberries & Cream - 2.75",11.7,CARD,2393271596547634
16/02/2022 13:56,Armagh,Randolph Lunsford,"Regular Flavoured hot chocolate - Hazelnut - 2.60, Regular Frappes - Strawberries & Cream - 2.75",5.35,CARD,2028542594195573
16/02/2022 13:57,Armagh,Theo Terrell,"Regular Speciality Tea - Green - 1.30, Regular Frappes - Strawberries & Cream - 2.75, Large Flavoured iced latte - Caramel - 3.25, Large Frappes - Strawberries & Cream - 3.25",10.55,CARD,9010876689595188
16/02/2022 13:57,Armagh,Jaime Oneal,Regular Speciality Tea - Darjeeling - 1.30,1.3,CARD,6865463285327108
16/02/2022 13:58,Armagh,Ellen Ornelas,Regular Speciality Tea - Green - 1.30,1.3,CARD,8468548893717511
16/02/2022 13:59,Armagh,Vincent Reiner,"Large Chai latte - 2.60, Large Speciality Tea - Darjeeling - 1.60, Large Frappes - Strawberries & Cream - 3.25",7.45,CARD,5601571830204209
16/02/2022 14:00,Armagh,Melissa Tucker,Large Frappes - Strawberries & Cream - 3.25,3.25,CASH,
16/02/2022 14:02,Armagh,Lucy Ellis,"Large Speciality Tea - Green - 1.60, Regular Speciality Tea - Darjeeling - 1.30, Large Speciality Tea - Darjeeling - 1.60, Large Frappes - Strawberries & Cream - 3.25",7.75,CASH,
16/02/2022 14:05,Armagh,Louis Frantz,Large Chai latte - 2.60,2.6,CASH,
16/02/2022 14:07,Armagh,Frances Cline,"Regular Speciality Tea - Green - 1.30, Regular Frappes - Coffee - 2.75",4.05,CARD,9006992391015650
16/02/2022 14:09,Armagh,Will Annis,"Regular Frappes - Strawberries & Cream - 2.75, Large Flavoured iced latte - Caramel - 3.25, Regular Speciality Tea - Darjeeling - 1.30, Large Flavoured iced latte - Caramel - 3.25, Regular Flavoured iced latte - Caramel - 2.75",13.3,CARD,1650287591928282
16/02/2022 14:12,Armagh,Tracey Mattis,"Large Speciality Tea - Green - 1.60, Regular Chai latte - 2.30, Large Chai latte - 2.60, Large Speciality Tea - Darjeeling - 1.60",8.1,CARD,1715674471108673
16/02/2022 14:14,Armagh,Ronald Patton,"Large Flavoured iced latte - Caramel - 3.25, Large Frappes - Strawberries & Cream - 3.25",6.5,CASH,
16/02/2022 14:17,Armagh,Lisa Burgess,"Regular Flavoured iced latte - Caramel - 2.75, Large Flavoured iced latte - Caramel - 3.25, Regular Frappes - Coffee - 2.75, Large Chai latte - 2.60",11.35,CASH,
16/02/2022 14:19,Armagh,Kent Anderson,"Large Chai latte - 2.60, Large Speciality Tea - Darjeeling - 1.60, Regular Flavoured hot chocolate - Hazelnut - 2.60, Large Chai latte - 2.60, Large Chai latte - 2.60",12.0,CASH,
16/02/2022 14:21,Armagh,Corey Foltz,"Regular Frappes - Strawberries & Cream - 2.75, Large Flavoured iced latte - Caramel - 3.25, Regular Flavoured iced latte - Caramel - 2.75",8.75,CARD,6353819194168117
16/02/2022 14:24,Armagh,Mary Sola,"Regular Chai latte - 2.30, Regular Speciality Tea - Green - 1.30, Regular Chai latte - 2.30, Regular Chai latte - 2.30, Large Chai latte - 2.60",10.8,CARD,2599295104462174
16/02/2022 14:26,Armagh,Martha Hart,Regular Flavoured iced latte - Caramel - 2.75,2.75,CASH,
16/02/2022 14:29,Armagh,Brenda Derry,Regular Frappes - Coffee - 2.75,2.75,CASH,
16/02/2022 14:31,Armagh,Anna Wyatt,"Large Chai latte - 2.60, Regular Frappes - Strawberries & Cream - 2.75, Large Frappes - Coffee - 3.25, Regular Frappes - Strawberries & Cream - 2.75",11.35,CARD,8368380185426123
16/02/2022 14:33,Armagh,April Forbes,"Large Chai latte - 2.60, Large Frappes - Coffee - 3.25, Regular Speciality Tea - Darjeeling - 1.30",7.15,CASH,
16/02/2022 14:36,Armagh,Joel Edwards,Large Speciality Tea - Darjeeling - 1.60,1.6,CARD,9821555349235638
16/02/2022 14:38,Armagh,Robert Leonard,"Large Chai latte - 2.60, Large Speciality Tea - Green - 1.60, Regular Frappes - Strawberries & Cream - 2.75, Large Frappes - Strawberries & Cream - 3.25",10.2,CARD,4063338367848477
16/02/2022 14:41,Armagh,Denise Brown,"Large Frappes - Coffee - 3.25, Regular Flavoured iced latte - Caramel - 2.75",6.0,CARD,5779964662344216
16/02/2022 14:43,Armagh,Joseph Johnson,"Large Flavoured iced latte - Caramel - 3.25, Large Frappes - Strawberries & Cream - 3.25, Regular Speciality Tea - Green - 1.30, Large Frappes - Coffee - 3.25, Regular Flavoured hot chocolate - Hazelnut - 2.60, Large Chai latte - 2.60",16.25,CARD,7966581804251098
16/02/2022 14:45,Armagh,Linda Tommolino,Large Flavoured hot chocolate - Hazelnut - 2.90,2.9,CASH,
16/02/2022 14:48,Armagh,James Somers,"Large Speciality Tea - Darjeeling - 1.60, Large Speciality Tea - Green - 1.60, Regular Frappes - Strawberries & Cream - 2.75, Regular Speciality Tea - Darjeeling - 1.30",7.25,CARD,3063242856539937
16/02/2022 14:50,Armagh,Joy Li,"Large Flavoured hot chocolate - Hazelnut - 2.90, Regular Frappes - Coffee - 2.75",5.65,CARD,9214217095354796
16/02/2022 14:53,Armagh,John Davis,Regular Chai latte - 2.30,2.3,CASH,
16/02/2022 14:55,Armagh,Kathleen Ramirez,Regular Frappes - Strawberries & Cream - 2.75,2.75,CASH,
16/02/2022 14:57,Armagh,Sandra Pelc,"Large Flavoured hot chocolate - Hazelnut - 2.90, Regular Flavoured iced latte - Caramel - 2.75",5.65,CARD,5391735968322436
16/02/2022 15:00,Armagh,Helen Buckman,Large Frappes - Coffee - 3.25,3.25,CASH,
16/02/2022 15:01,Armagh,Sherry Zeiler,"Regular Chai latte - 2.30, Large Frappes - Coffee - 3.25",5.55,CARD,2488386393653954
16/02/2022 15:02,Armagh,Catherine Crockwell,"Regular Chai latte - 2.30, Large Frappes - Coffee - 3.25, Regular Flavoured hot chocolate - Hazelnut - 2.60, Regular Speciality Tea - Green - 1.30, Large Speciality Tea - Darjeeling - 1.60, Large Speciality Tea - Darjeeling - 1.60",12.65,CARD,7098972483200350
16/02/2022 15:03,Armagh,Helen Millar,Regular Flavoured hot chocolate - Hazelnut - 2.60,2.6,CARD,6954424314109151
16/02/2022 15:05,Armagh,Jade Brown,"Regular Chai latte - 2.30, Regular Speciality Tea - Darjeeling - 1.30",3.6,CASH,
16/02/2022 15:06,Armagh,Mckenzie Luna,"Regular Flavoured iced latte - Caramel - 2.75, Large Speciality Tea - Darjeeling - 1.60, Large Speciality Tea - Darjeeling - 1.60, Regular Frappes - Strawberries & Cream - 2.75, Large Flavoured hot chocolate - Hazelnut - 2.90, Regular Frappes - Strawberries & Cream - 2.75",14.35,CARD,1807082653895545
16/02/2022 15:07,Armagh,Rafael Castillo,"Regular Frappes - Strawberries & Cream - 2.75, Regular Frappes - Strawberries & Cream - 2.75",5.5,CARD,6110017148183582
16/02/2022 15:08,Armagh,Alex Ritchie,"Large Frappes - Coffee - 3.25, Large Chai latte - 2.60, Large Speciality Tea - Green - 1.60",7.45,CASH,
16/02/2022 15:09,Armagh,Eugene Carr,"Regular Frappes - Coffee - 2.75, Large Flavoured iced latte - Caramel - 3.25, Regular Frappes - Strawberries & Cream - 2.75, Large Frappes - Strawberries & Cream - 3.25, Large Speciality Tea - Green - 1.60",13.6,CARD,9441140616287434
16/02/2022 15:11,Armagh,Patrick Ruby,"Large Frappes - Strawberries & Cream - 3.25, Regular Frappes - Coffee - 2.75, Regular Flavoured iced latte - Caramel - 2.75",8.75,CARD,3915819350422137
16/02/2022 15:12,Armagh,Laura Cross,"Large Speciality Tea - Green - 1.60, Regular Speciality Tea - Darjeeling - 1.30, Regular Frappes - Coffee - 2.75",5.65,CARD,1209579681336752
16/02/2022 15:13,Armagh,Oscar Swartz,Regular Chai latte - 2.30,2.3,CARD,6543468778853229
16/02/2022 15:14,Armagh,Elsie Rimer,"Regular Frappes - Coffee - 2.75, Regular Flavoured iced latte - Caramel - 2.75",5.5,CARD,8809023437729307
16/02/2022 15:15,Armagh,James Vandenbosch,Large Speciality Tea - Darjeeling - 1.60,1.6,CASH,
16/02/2022 15:17,Armagh,Birdie Seeman,"Large Flavoured hot chocolate - Hazelnut - 2.90, Regular Speciality Tea - Green - 1.30, Large Speciality Tea - Green - 1.60, Large Frappes - Strawberries & Cream - 3.25, Regular Flavoured iced latte - Caramel - 2.75",11.8,CARD,2574063535184058
16/02/2022 15:18,Armagh,Carrie Ramlall,"Regular Flavoured iced latte - Caramel - 2.75, Large Speciality Tea - Darjeeling - 1.60",4.35,CASH,
16/02/2022 15:19,Armagh,Aida Blok,"Regular Flavoured iced latte - Caramel - 2.75, Regular Chai latte - 2.30",5.05,CARD,5723032911733921
16/02/2022 15:20,Armagh,Kenneth Salvatierra,"Regular Flavoured hot chocolate - Hazelnut - 2.60, Large Flavoured iced latte - Caramel - 3.25, Large Speciality Tea - Green - 1.60",7.45,CARD,3289699100700784
16/02/2022 15:21,Armagh,Luther Barreto,Large Speciality Tea - Green - 1.60,1.6,CASH,
16/02/2022 15:23,Armagh,Michelle Temple,"Large Speciality Tea - Darjeeling - 1.60, Regular Flavoured iced latte - Caramel - 2.75, Large Flavoured iced latte - Caramel - 3.25",7.6,CARD,6560523724136714
16/02/2022 15:24,Armagh,Colleen Goldstein,"Large Flavoured iced latte - Caramel - 3.25, Large Flavoured hot chocolate - Hazelnut - 2.90",6.15,CARD,7523601987407634
16/02/2022 15:25,Armagh,Mary Newman,"Regular Speciality Tea - Green - 1.30, Regular Flavoured iced latte - Caramel - 2.75, Regular Speciality Tea - Darjeeling - 1.30",5.35,CARD,2245763981805751
16/02/2022 15:26,Armagh,Reginald Stinser,"Large Speciality Tea - Darjeeling - 1.60, Large Speciality Tea - Green - 1.60",3.2,CARD,7430367025849000
16/02/2022 15:27,Armagh,David Cruz,"Large Flavoured iced latte - Caramel - 3.25, Large Flavoured iced latte - Caramel - 3.25",6.5,CARD,7925603692649697
16/02/2022 15:29,Armagh,Richard Morris,"Large Frappes - Strawberries & Cream - 3.25, Large Frappes - Strawberries & Cream - 3.25",6.5,CARD,6322699161240041
16/02/2022 15:30,Armagh,Gloria Wilson,"Large Flavoured iced latte - Caramel - 3.25, Regular Flavoured hot chocolate - Hazelnut - 2.60, Large Speciality Tea - Darjeeling - 1.60",7.45,CARD,9533778769071040
16/02/2022 15:31,Armagh,David Lynch,"Regular Flavoured iced latte - Caramel - 2.75, Regular Speciality Tea - Darjeeling - 1.30",4.05,CASH,
16/02/2022 15:32,Armagh,Lance Smith,"Regular Flavoured iced latte - Caramel - 2.75, Regular Flavoured iced latte - Caramel - 2.75, Large Flavoured hot chocolate - Hazelnut - 2.90, Regular Frappes - Coffee - 2.75, Regular Flavoured iced latte - Caramel - 2.75",13.9,CARD,8782568204912580
16/02/2022 15:33,Armagh,Christopher Flores,"Large Chai latte - 2.60, Regular Frappes - Strawberries & Cream - 2.75, Large Flavoured iced latte - Caramel - 3.25, Large Chai latte - 2.60, Regular Speciality Tea - Green - 1.30",12.5,CARD,2861131168083775
16/02/2022 15:35,Armagh,Ryan Moore,"Large Speciality Tea - Green - 1.60, Large Flavoured hot chocolate - Hazelnut - 2.90, Regular Frappes - Strawberries & Cream - 2.75",7.25,CARD,8186153301252360
16/02/2022 15:36,Armagh,Salvador Mowatt,"Large Flavoured hot chocolate - Hazelnut - 2.90, Large Flavoured hot chocolate - Hazelnut - 2.90, Large Flavoured hot chocolate - Hazelnut - 2.90, Large Speciality Tea - Darjeeling - 1.60",10.3,CARD,3161409030282268
16/02/2022 15:37,Armagh,Edward Wilkerson,Large Frappes - Strawberries & Cream - 3.25,3.25,CARD,3177690503840019
16/02/2022 15:38,Armagh,John Wells,"Regular Speciality Tea - Darjeeling - 1.30, Regular Flavoured iced latte - Caramel - 2.75, Regular Speciality Tea - Darjeeling - 1.30, Regular Frappes - Coffee - 2.75",8.1,CARD,9115956904140367
16/02/2022 15:39,Armagh,Michael Tyska,"Large Speciality Tea - Green - 1.60, Large Frappes - Coffee - 3.25, Regular Frappes - Strawberries & Cream - 2.75",7.6,CARD,1191394393876931
16/02/2022 15:41,Armagh,Allen Edwards,Large Flavoured hot chocolate - Hazelnut - 2.90,2.9,CASH,
16/02/2022 15:42,Armagh,Charlotte Cowles,"Regular Speciality Tea - Green - 1.30, Regular Speciality Tea - Green - 1.30, Large Chai latte - 2.60, Large Frappes - Strawberries & Cream - 3.25, Regular Speciality Tea - Green - 1.30",9.75,CARD,2177192894646725
16/02/2022 15:43,Armagh,Nathaniel Gilbert,Large Flavoured iced latte - Caramel - 3.25,3.25,CARD,6463442856089467
16/02/2022 15:44,Armagh,Rochelle Pothoven,"Regular Speciality Tea - Darjeeling - 1.30, Regular Frappes - Strawberries & Cream - 2.75",4.05,CASH,
16/02/2022 15:45,Armagh,Shannon Davis,"Regular Frappes - Strawberries & Cream - 2.75, Large Chai latte - 2.60",5.35,CARD,2349218880278612
16/02/2022 15:47,Armagh,Terry Oyler,"Large Speciality Tea - Darjeeling - 1.60, Large Speciality Tea - Darjeeling - 1.60, Regular Frappes - Strawberries & Cream - 2.75",5.95,CARD,3081107826161016
16/02/2022 15:48,Armagh,Arturo Alford,"Large Flavoured hot chocolate - Hazelnut - 2.90, Large Frappes - Coffee - 3.25, Regular Flavoured iced latte - Caramel - 2.75, Large Flavoured iced latte - Caramel - 3.25, Regular Frappes - Strawberries & Cream - 2.75",14.9,CARD,1800877779545568
16/02/2022 15:49,Armagh,James Bridges,"Large Speciality Tea - Darjeeling - 1.60, Regular Frappes - Coffee - 2.75, Large Chai latte - 2.60",6.95,CASH,
16/02/2022 15:50,Armagh,Laurel Fowler,Large Chai latte - 2.60,2.6,CARD,1898854416358854
16/02/2022 15:51,Armagh,Holly Baker,Regular Speciality Tea - Green - 1.30,1.3,CASH,
16/02/2022 15:53,Armagh,Marianne Villalobos,Large Speciality Tea - Darjeeling - 1.60,1.6,CARD,6826331604147249
16/02/2022 15:54,Armagh,Homer Kattner,"Regular Speciality Tea - Green - 1.30, Large Chai latte - 2.60, Large Chai latte - 2.60, Regular Frappes - Coffee - 2.75",9.25,CARD,6169097572778493
16/02/2022 15:55,Armagh,Williams Williamson,"Large Speciality Tea - Darjeeling - 1.60, Large Frappes - Strawberries & Cream - 3.25",4.85,CARD,3748925769104076
16/02/2022 15:56,Armagh,Christopher Garrison,"Regular Frappes - Coffee - 2.75, Regular Flavoured iced latte - Caramel - 2.75, Large Flavoured hot chocolate - Hazelnut - 2.90",8.4,CARD,4896080187678045
16/02/2022 15:57,Armagh,Modesta Howes,"Regular Speciality Tea - Darjeeling - 1.30, Regular Frappes - Coffee - 2.75",4.05,CASH,
16/02/2022 15:59,Armagh,Sammy Mckever,"Regular Flavoured hot chocolate - Hazelnut - 2.60, Large Speciality Tea - Green - 1.60, Large Flavoured hot chocolate - Hazelnut - 2.90, Regular Frappes - Coffee - 2.75",9.85,CARD,1684983172277414
16/02/2022 16:00,Armagh,Joshua Nichols,"Regular Speciality Tea - Darjeeling - 1.30, Regular Flavoured iced latte - Caramel - 2.75, Large Frappes - Strawberries & Cream - 3.25, Regular Frappes - Strawberries & Cream - 2.75",10.05,CASH,
16/02/2022 16:03,Armagh,Clarice Georges,"Large Flavoured iced latte - Caramel - 3.25, Regular Flavoured iced latte - Caramel - 2.75",6.0,CARD,2097433348665334
16/02/2022 16:05,Armagh,Fatima Fischer,Large Frappes - Strawberries & Cream - 3.25,3.25,CASH,
16/02/2022 16:08,Armagh,Maggie Cagney,"Regular Flavoured iced latte - Caramel - 2.75, Large Speciality Tea - Darjeeling - 1.60, Regular Chai latte - 2.30",6.65,CASH,
16/02/2022 16:11,Armagh,Stephen Walters,Large Flavoured iced latte - Caramel - 3.25,3.25,CASH,
16/02/2022 16:13,Armagh,Ray Fuchs,"Large Frappes - Coffee - 3.25, Large Flavoured iced latte - Caramel - 3.25, Large Flavoured iced latte - Caramel - 3.25, Large Frappes - Coffee - 3.25",13.0,CASH,
16/02/2022 16:16,Armagh,David Shoup,"Large Flavoured iced latte - Caramel - 3.25, Large Speciality Tea - Darjeeling - 1.60",4.85,CASH,
16/02/2022 16:19,Armagh,Dena Bradham,Large Flavoured iced latte - Caramel - 3.25,3.25,CARD,7045665690705474
16/02/2022 16:22,Armagh,Alberta Thompson,Large Flavoured hot chocolate - Hazelnut - 2.90,2.9,CASH,
16/02/2022 16:24,Armagh,Reginald Hedgepeth,"Regular Frappes - Strawberries & Cream - 2.75, Large Frappes - Coffee - 3.25, Regular Flavoured hot chocolate - Hazelnut - 2.60, Large Chai latte - 2.60, Regular Speciality Tea - Darjeeling - 1.30",12.5,CARD,6097224151473920
16/02/2022 16:27,Armagh,Mark Moses,Regular Frappes - Coffee - 2.75,2.75,CARD,6642073774916600
16/02/2022 16:30,Armagh,Jennifer Harker,Large Frappes - Strawberries & Cream - 3.25,3.25,CARD,3410042085139738
16/02/2022 16:32,Armagh,Edward Rohrer,Large Frappes - Strawberries & Cream - 3.25,3.25,CASH,
16/02/2022 16:35,Armagh,Thomas Smith,"Regular Chai latte - 2.30, Large Chai latte - 2.60, Regular Speciality Tea - Darjeeling - 1.30",6.2,CARD,5689450818005444
16/02/2022 16:38,Armagh,Matthew Medina,Regular Flavoured iced latte - Caramel - 2.75,2.75,CARD,1371731334845526
16/02/2022 16:41,Armagh,Jim Carney,Large Frappes - Strawberries & Cream - 3.25,3.25,CARD,5144066389210153
16/02/2022 16:43,Armagh,Douglas Klase,Regular Speciality Tea - Darjeeling - 1.30,1.3,CARD,8873479711310914
16/02/2022 16:46,Armagh,Leopoldo Oliver,Large Speciality Tea - Green - 1.60,1.6,CARD,6220470093072932
16/02/2022 16:49,Armagh,Diane Baker,"Regular Speciality Tea - Green - 1.30, Regular Speciality Tea - Darjeeling - 1.30",2.6,CASH,
16/02/2022 16:51,Armagh,Tabitha Mccoy,Regular Speciality Tea - Darjeeling - 1.30,1.3,CARD,8855851209834848
16/02/2022 16:54,Armagh,James Engler,Large Frappes - Strawberries & Cream - 3.25,3.25,CASH,
16/02/2022 16:57,Armagh,Shawn Boone,"Regular Chai latte - 2.30, Regular Speciality Tea - Darjeeling - 1.30",3.6,CASH,
